weight,humidity,temperature,prod_id
1030,29,71,1
1044,28,68,2
972,37,65,3
1010,25,67,4
970,27,72,5
990,32,71,6
965,42,65,7
969,31,74,8
976,26,69,9
974,38,69,10
998,44,73,11
1026,27,67,12
964,35,70,13
953,42,73,14
978,40,69,15
1013,36,69,16
1008,32,67,17
1033,33,73,18
1025,37,74,19
965,43,69,20
1041,31,66,21
979,32,69,22
1046,32,65,23
961,26,71,24
1022,30,67,25
980,43,66,26
1045,30,70,27
993,32,66,28
975,39,72,29
1004,44,74,30
1044,44,72,31
971,38,72,32
962,31,68,33
966,35,72,34
954,41,70,35
1036,44,72,36
960,27,67,37
960,41,70,38
1031,29,71,39
993,28,70,40
966,28,69,41
966,34,73,42
1022,42,74,43
991,43,68,44
971,38,69,45
962,25,73,46
960,35,65,47
1032,30,74,48
1028,41,74,49
1047,29,72,50
1046,30,69,51
1002,25,68,52
994,42,67,53
979,32,74,54
995,39,70,55
1024,37,68,56
954,27,69,57
981,37,65,58
1047,33,70,59
1049,27,73,60
1049,27,71,61
956,35,68,62
957,31,74,63
1003,42,70,64
1021,40,66,65
974,30,69,66
1028,27,70,67
983,39,65,68
958,42,68,69
989,37,73,70
1037,40,71,71
1000,44,67,72
1047,26,70,73
972,37,71,74
977,33,71,75
1037,31,72,76
1006,35,65,77
1006,40,73,78
973,44,68,79
969,26,72,80
968,32,69,81
986,32,67,82
1014,44,66,83
998,31,67,84
1017,28,73,85
1004,33,69,86
1044,31,65,87
992,35,74,88
982,26,69,89
1029,27,70,90
1012,38,66,91
1011,35,70,92
1031,29,74,93
989,38,73,94
974,31,70,95
984,40,73,96
1017,27,69,97
984,29,70,98
1014,27,67,99
994,26,65,100
984,31,74,101
1025,27,69,102
1041,25,68,103
975,31,70,104
995,41,72,105
999,40,71,106
990,39,66,107
1042,25,74,108
1041,34,70,109
1028,31,69,110
980,37,73,111
962,39,73,112
1039,32,66,113
1002,36,65,114
1041,37,73,115
1030,38,67,116
1041,27,71,117
956,41,67,118
987,26,74,119
1013,33,70,120
999,29,72,121
959,25,71,122
950,34,68,123
966,44,70,124
956,36,68,125
996,28,65,126
950,32,68,127
1009,39,73,128
1003,36,68,129
954,33,70,130
968,35,70,131
1005,38,66,132
988,38,69,133
1000,39,72,134
1003,25,74,135
1045,29,72,136
1036,34,67,137
958,27,67,138
967,35,72,139
958,42,69,140
985,35,65,141
950,35,71,142
973,41,73,143
1024,31,72,144
1033,38,73,145
1038,40,68,146
977,25,67,147
1033,29,66,148
1032,37,66,149
1029,25,66,150
983,39,66,151
1049,25,74,152
995,43,65,153
1007,44,66,154
1027,39,71,155
1010,40,72,156
1045,29,72,157
1037,38,68,158
959,31,70,159
1034,31,71,160
1007,29,65,161
1027,41,68,162
971,42,67,163
989,27,70,164
1031,33,71,165
1042,26,66,166
970,34,65,167
1027,40,71,168
1034,33,71,169
963,40,67,170
1035,26,66,171
1028,31,66,172
966,37,66,173
1044,36,69,174
1047,44,73,175
976,29,65,176
1022,33,69,177
1036,31,73,178
959,39,68,179
1014,26,67,180
1043,27,66,181
975,39,70,182
962,42,69,183
974,39,67,184
1025,34,68,185
1039,38,74,186
1036,35,68,187
1029,44,66,188
962,26,66,189
1038,35,74,190
983,26,74,191
969,44,65,192
1036,27,65,193
988,32,65,194
1019,44,74,195
956,26,68,196
959,29,74,197
971,39,68,198
973,42,70,199
984,33,66,200
959,34,70,201
994,40,74,202
1004,35,66,203
1048,27,68,204
955,36,65,205
964,38,65,206
1012,35,71,207
1027,40,67,208
1018,29,65,209
990,35,73,210
1012,33,74,211
987,40,72,212
984,32,70,213
1027,37,72,214
998,43,68,215
1005,34,74,216
993,31,72,217
1006,43,69,218
990,41,68,219
1008,35,73,220
983,31,66,221
992,32,71,222
1000,38,74,223
1001,25,66,224
1021,40,67,225
988,33,70,226
991,38,65,227
1025,36,66,228
1000,33,70,229
991,27,67,230
985,31,71,231
987,44,74,232
1008,31,70,233
1008,30,74,234
1002,42,68,235
987,30,74,236
1039,34,73,237
1002,40,72,238
950,38,67,239
1041,29,69,240
953,26,66,241
998,41,66,242
1012,35,66,243
1000,41,69,244
1025,37,74,245
1041,27,68,246
976,32,65,247
975,31,66,248
974,35,65,249
1001,41,72,250
977,37,67,251
1016,41,68,252
993,31,71,253
996,42,69,254
1047,41,73,255
1036,32,70,256
982,42,70,257
970,27,70,258
1002,37,67,259
1030,44,73,260
950,36,68,261
1030,34,70,262
996,28,74,263
963,32,72,264
1046,36,65,265
1000,25,67,266
1027,28,73,267
984,35,66,268
1012,29,66,269
1007,38,74,270
963,38,67,271
1034,44,65,272
978,30,72,273
1002,29,66,274
972,28,73,275
1011,38,65,276
1014,27,74,277
1027,38,74,278
1041,29,68,279
1015,35,65,280
1032,43,68,281
1023,41,74,282
1039,27,71,283
1042,27,69,284
991,27,68,285
953,30,68,286
998,25,72,287
991,26,70,288
1011,37,67,289
950,34,72,290
1005,30,65,291
972,41,69,292
1035,28,72,293
975,28,71,294
1047,38,69,295
1040,39,65,296
1043,31,69,297
966,39,74,298
967,35,74,299
1029,33,73,300
951,29,72,301
960,34,69,302
1038,36,66,303
1011,33,74,304
976,29,68,305
992,29,67,306
969,40,67,307
977,39,69,308
976,37,68,309
950,40,68,310
1010,44,69,311
960,28,65,312
975,27,72,313
1024,43,70,314
988,29,71,315
1005,28,73,316
1037,27,72,317
984,36,70,318
1008,39,69,319
950,27,68,320
957,38,69,321
1028,31,69,322
960,40,69,323
951,39,68,324
998,44,66,325
1032,33,73,326
962,40,67,327
955,29,66,328
1009,26,72,329
1026,31,73,330
1039,29,68,331
971,33,69,332
1021,42,69,333
985,30,69,334
1038,41,65,335
1021,25,74,336
1001,36,69,337
1046,31,69,338
1018,39,70,339
975,30,65,340
965,39,69,341
1010,40,71,342
963,25,70,343
977,28,73,344
1029,33,65,345
989,30,65,346
962,32,66,347
954,30,65,348
975,34,65,349
969,41,66,350
961,35,65,351
1024,33,65,352
1011,41,74,353
1034,32,68,354
965,39,65,355
1006,34,73,356
998,36,71,357
1003,43,69,358
954,27,69,359
1004,30,65,360
954,25,65,361
994,42,73,362
995,32,72,363
984,42,74,364
987,39,72,365
1044,40,73,366
1040,33,73,367
972,36,69,368
953,26,69,369
1006,41,67,370
995,35,68,371
977,28,66,372
1037,31,67,373
985,29,66,374
994,33,71,375
1013,34,69,376
993,39,71,377
994,31,74,378
1046,35,65,379
1004,37,65,380
1001,35,66,381
994,44,65,382
1000,30,66,383
1047,30,69,384
999,38,74,385
952,26,68,386
1005,35,68,387
966,29,71,388
1046,26,67,389
1035,36,72,390
1001,29,70,391
1031,43,72,392
982,26,66,393
979,40,72,394
997,44,74,395
960,27,65,396
1010,26,69,397
980,32,68,398
987,32,72,399
968,38,66,400
1007,30,65,401
1042,28,65,402
969,44,65,403
979,28,72,404
975,25,73,405
1046,30,71,406
999,44,66,407
966,26,69,408
964,25,69,409
1047,41,67,410
990,25,71,411
1009,40,71,412
1008,41,66,413
1048,26,71,414
1022,32,70,415
971,36,68,416
978,39,65,417
999,39,67,418
1028,35,69,419
980,38,66,420
959,38,72,421
1015,36,66,422
1027,35,67,423
975,39,65,424
1024,36,65,425
1029,32,66,426
1002,33,65,427
1003,29,66,428
1025,37,74,429
981,28,74,430
1038,33,70,431
1024,41,66,432
1019,44,70,433
976,40,65,434
1024,34,65,435
1012,32,67,436
962,30,65,437
983,39,73,438
1024,32,65,439
956,29,74,440
995,37,70,441
1012,27,73,442
995,41,71,443
966,27,73,444
992,32,67,445
1041,30,66,446
968,37,68,447
1041,31,69,448
992,32,68,449
956,33,70,450
1032,38,67,451
1030,40,69,452
983,40,71,453
966,26,65,454
984,33,71,455
1004,30,66,456
975,44,68,457
1010,25,71,458
1047,40,67,459
970,44,70,460
1012,33,74,461
967,28,71,462
959,27,65,463
1035,28,68,464
991,40,67,465
959,31,68,466
1000,35,69,467
1015,40,73,468
1031,40,72,469
1009,29,73,470
978,42,71,471
1017,38,68,472
1039,38,74,473
954,32,65,474
957,39,73,475
954,37,72,476
1033,29,70,477
1049,42,70,478
963,44,66,479
989,33,69,480
964,29,65,481
1017,43,74,482
987,32,73,483
962,25,66,484
985,37,70,485
988,34,74,486
1031,39,66,487
1022,27,71,488
957,41,68,489
1015,33,69,490
1047,41,69,491
1029,32,65,492
953,41,67,493
1010,34,73,494
1033,44,73,495
1015,42,68,496
1004,37,72,497
1028,29,70,498
977,26,70,499
1007,31,73,500
1048,44,71,501
1029,30,70,502
971,34,70,503
991,39,66,504
1021,40,73,505
998,41,74,506
1048,41,66,507
970,38,74,508
1047,34,66,509
983,38,71,510
954,44,73,511
972,27,65,512
975,33,65,513
1036,43,71,514
1022,35,71,515
1001,38,69,516
1003,42,73,517
997,26,67,518
991,25,68,519
982,39,72,520
978,44,70,521
991,43,74,522
998,26,71,523
1029,26,67,524
974,38,66,525
1013,28,68,526
1032,33,72,527
1014,28,71,528
990,30,72,529
1002,26,65,530
1023,39,67,531
986,42,66,532
996,30,69,533
1039,42,71,534
1032,34,70,535
1015,26,69,536
1032,27,74,537
951,41,71,538
951,31,74,539
1005,35,68,540
988,32,72,541
971,37,70,542
987,25,70,543
1025,37,67,544
1028,27,72,545
975,30,73,546
960,27,66,547
993,33,74,548
1005,31,68,549
977,44,69,550
1047,30,70,551
995,40,65,552
1003,30,68,553
1037,29,71,554
994,44,74,555
1025,42,70,556
1021,40,72,557
950,44,69,558
960,25,66,559
989,33,70,560
1045,25,72,561
966,37,73,562
996,27,68,563
1020,37,68,564
1041,44,72,565
1028,34,65,566
950,42,74,567
1043,39,66,568
1033,42,72,569
1024,27,68,570
1028,39,69,571
956,42,73,572
991,33,65,573
1002,29,74,574
982,42,69,575
984,30,69,576
1025,28,66,577
1033,25,68,578
1049,41,65,579
1009,29,67,580
1035,39,70,581
1036,33,72,582
983,37,74,583
1038,44,71,584
1047,41,72,585
999,33,71,586
1029,31,68,587
1009,27,72,588
965,29,72,589
979,31,73,590
1032,27,70,591
959,41,71,592
995,33,69,593
967,40,66,594
1029,25,66,595
968,39,74,596
962,36,73,597
979,32,73,598
1005,38,70,599
1034,40,74,600
953,37,72,601
1023,33,74,602
972,35,73,603
1043,39,65,604
982,28,73,605
1036,34,74,606
1046,26,65,607
967,26,71,608
1032,39,72,609
1034,40,67,610
964,36,68,611
961,33,72,612
1034,28,72,613
980,28,68,614
1004,39,73,615
968,39,68,616
976,39,66,617
987,42,72,618
1006,27,68,619
990,38,67,620
965,34,70,621
1042,32,69,622
1025,34,73,623
955,40,66,624
1030,31,73,625
965,32,69,626
960,30,74,627
997,39,68,628
1002,30,74,629
975,35,68,630
1036,42,65,631
976,32,68,632
1048,42,67,633
1024,30,66,634
968,26,66,635
959,25,65,636
1025,36,67,637
999,27,66,638
993,43,71,639
1006,28,69,640
983,41,74,641
1001,35,69,642
1004,44,67,643
994,34,71,644
1034,35,67,645
961,40,65,646
1003,37,70,647
1032,31,67,648
982,35,68,649
953,28,66,650
1002,31,72,651
966,42,73,652
976,25,69,653
984,27,68,654
1029,28,66,655
1020,30,74,656
967,35,74,657
1019,30,70,658
990,30,72,659
988,35,67,660
1037,31,72,661
1001,34,67,662
1042,29,72,663
1021,36,66,664
1000,40,67,665
988,42,73,666
1023,40,74,667
1025,27,70,668
1023,27,71,669
967,28,65,670
982,26,67,671
1049,29,65,672
1038,26,67,673
995,44,74,674
998,32,73,675
997,40,68,676
960,34,67,677
952,32,66,678
1028,26,69,679
1005,32,74,680
1002,38,74,681
1038,39,71,682
972,28,73,683
1032,27,70,684
1045,25,67,685
1031,37,68,686
993,42,70,687
1030,36,72,688
1004,39,69,689
986,38,72,690
969,37,73,691
958,35,73,692
1006,37,67,693
1010,44,68,694
979,40,74,695
975,42,73,696
1045,29,73,697
993,36,68,698
986,36,74,699
993,25,71,700
1007,44,72,701
1044,34,65,702
993,33,67,703
966,40,69,704
1036,39,73,705
1018,32,74,706
1049,41,65,707
976,27,71,708
1041,37,71,709
961,38,65,710
1048,29,72,711
963,35,65,712
973,36,71,713
1026,26,68,714
966,35,68,715
1030,31,74,716
976,40,73,717
993,28,65,718
963,38,65,719
1025,28,71,720
978,38,74,721
963,33,70,722
1047,43,73,723
998,41,74,724
1042,27,71,725
1015,38,67,726
1024,44,72,727
1026,40,66,728
1036,31,71,729
1029,32,69,730
1033,32,70,731
979,33,65,732
989,41,66,733
971,26,67,734
1001,30,73,735
1004,31,71,736
1004,35,66,737
975,38,68,738
988,41,70,739
1031,30,67,740
993,36,67,741
1017,40,73,742
1015,35,74,743
1022,26,65,744
971,35,68,745
1027,29,69,746
974,25,71,747
1026,28,73,748
990,31,67,749
982,30,72,750
959,30,69,751
1019,44,74,752
984,44,73,753
967,40,70,754
1046,25,72,755
1017,34,69,756
987,42,71,757
1029,29,69,758
1048,43,65,759
953,38,66,760
984,32,73,761
1038,33,73,762
975,41,65,763
957,35,73,764
1028,43,68,765
1021,29,68,766
1037,40,74,767
1032,26,70,768
999,30,66,769
956,31,70,770
995,33,71,771
1020,42,71,772
954,29,74,773
1044,34,71,774
1031,29,74,775
1006,26,67,776
1042,28,70,777
1036,33,71,778
1046,27,70,779
1041,40,66,780
967,33,72,781
987,31,67,782
987,32,65,783
1041,43,65,784
1029,40,71,785
1009,38,66,786
999,26,69,787
969,40,65,788
965,29,67,789
1023,27,65,790
1013,41,67,791
1046,25,65,792
1012,36,72,793
1024,32,69,794
1006,31,68,795
995,28,67,796
982,37,69,797
1049,31,69,798
1041,33,74,799
1046,32,65,800
1040,26,72,801
967,36,73,802
987,30,70,803
974,27,66,804
963,30,68,805
1007,27,72,806
1010,27,68,807
1036,43,70,808
960,27,67,809
1010,30,74,810
964,44,74,811
1046,41,65,812
997,34,65,813
955,44,69,814
986,34,72,815
989,26,67,816
1021,39,70,817
990,37,70,818
1002,28,72,819
1000,26,72,820
972,36,66,821
963,35,66,822
1028,38,66,823
962,30,69,824
996,36,67,825
981,35,73,826
979,34,74,827
1029,40,69,828
977,42,72,829
1023,31,73,830
980,37,66,831
992,25,70,832
971,26,69,833
999,43,66,834
1033,25,66,835
1048,40,66,836
1007,39,68,837
1045,37,67,838
982,28,73,839
1003,41,70,840
986,41,66,841
1016,37,71,842
982,41,73,843
1042,27,71,844
977,34,68,845
958,44,68,846
1033,35,66,847
1025,30,65,848
1040,40,71,849
1021,33,65,850
1025,38,70,851
1000,27,73,852
1033,34,65,853
1027,39,71,854
996,28,65,855
994,28,67,856
1013,40,74,857
1012,38,73,858
1043,41,68,859
987,36,67,860
1024,34,68,861
1021,31,72,862
1029,33,68,863
989,41,66,864
1026,39,66,865
971,32,73,866
950,38,74,867
1047,39,72,868
1046,41,70,869
977,34,67,870
1006,34,68,871
1019,33,73,872
952,29,72,873
982,26,72,874
1039,29,66,875
1041,37,66,876
989,26,73,877
1009,37,65,878
1044,30,70,879
1003,26,68,880
991,31,65,881
1011,26,69,882
1017,35,69,883
995,25,68,884
1010,32,73,885
984,29,69,886
987,29,67,887
1003,43,65,888
983,30,71,889
956,43,65,890
1030,41,70,891
997,28,71,892
987,41,68,893
978,39,65,894
986,35,73,895
975,30,70,896
1028,36,69,897
999,41,72,898
1021,41,67,899
1008,35,67,900
1000,29,73,901
1003,30,69,902
958,44,66,903
958,44,72,904
1006,30,68,905
1046,31,73,906
970,35,66,907
987,27,69,908
1007,31,68,909
989,27,72,910
962,38,71,911
1002,30,70,912
1046,42,71,913
1018,31,68,914
1020,31,68,915
976,27,69,916
1004,33,65,917
1038,34,72,918
971,39,72,919
996,41,69,920
1004,38,66,921
987,38,65,922
1033,41,67,923
1021,38,71,924
1024,39,70,925
990,38,67,926
1009,30,65,927
1029,32,68,928
953,30,70,929
981,32,67,930
975,42,65,931
1032,43,74,932
988,27,67,933
1043,40,72,934
1009,33,69,935
1035,32,72,936
953,44,67,937
980,26,69,938
1028,42,71,939
955,37,69,940
970,34,67,941
1022,31,68,942
1048,44,74,943
956,25,65,944
958,44,69,945
961,37,67,946
1037,27,72,947
1027,30,70,948
1013,28,72,949
972,27,74,950
980,27,65,951
1003,31,72,952
993,30,72,953
1021,29,72,954
999,36,74,955
986,28,69,956
1026,36,69,957
1001,30,74,958
1035,39,70,959
996,34,73,960
998,31,73,961
955,42,70,962
985,28,67,963
996,38,72,964
998,43,68,965
979,25,66,966
1009,35,71,967
972,37,67,968
1001,39,67,969
1001,37,67,970
1017,40,71,971
1030,29,69,972
1013,33,74,973
976,43,69,974
976,29,65,975
951,41,66,976
963,44,72,977
1038,25,72,978
1023,34,72,979
994,30,65,980
975,36,71,981
1041,36,73,982
970,39,66,983
1033,30,71,984
1001,36,69,985
1022,37,73,986
973,29,72,987
972,31,69,988
964,35,74,989
1008,42,66,990
980,29,65,991
990,38,67,992
986,37,72,993
1017,41,73,994
1036,28,68,995
990,44,65,996
989,33,66,997
1027,35,69,998
1028,42,69,999
1028,33,69,1000
1014,38,67,1001
1014,26,69,1002
976,30,74,1003
967,42,66,1004
1003,37,73,1005
1019,25,72,1006
1046,26,74,1007
997,28,67,1008
1015,39,71,1009
1028,29,67,1010
969,26,69,1011
976,28,69,1012
997,27,74,1013
1029,29,74,1014
986,44,71,1015
966,39,67,1016
1007,41,66,1017
980,37,66,1018
957,31,72,1019
1011,32,67,1020
1001,42,67,1021
974,25,72,1022
995,31,71,1023
996,32,74,1024
1044,29,66,1025
998,40,67,1026
987,29,68,1027
1004,27,69,1028
1033,38,72,1029
952,25,68,1030
1038,40,72,1031
999,26,74,1032
964,39,70,1033
1024,29,72,1034
958,30,73,1035
1036,29,74,1036
976,29,68,1037
964,39,67,1038
963,33,65,1039
953,39,73,1040
950,26,68,1041
1000,28,74,1042
967,32,72,1043
973,44,65,1044
951,39,73,1045
993,35,69,1046
1039,38,65,1047
986,42,74,1048
962,43,67,1049
1047,29,72,1050
972,27,74,1051
1040,39,73,1052
990,27,66,1053
992,41,65,1054
1022,35,68,1055
957,39,74,1056
955,33,65,1057
1023,30,66,1058
1009,44,71,1059
969,34,70,1060
1049,34,67,1061
1000,40,72,1062
1020,31,73,1063
1036,40,69,1064
993,32,70,1065
997,31,69,1066
1003,31,68,1067
966,33,70,1068
955,28,73,1069
967,26,66,1070
952,31,74,1071
1048,28,67,1072
983,27,66,1073
981,26,68,1074
1024,31,66,1075
1030,35,73,1076
1021,35,74,1077
1030,29,65,1078
997,27,67,1079
990,31,70,1080
975,27,65,1081
1003,38,74,1082
1045,27,70,1083
1031,28,68,1084
986,28,67,1085
1021,44,69,1086
1030,27,69,1087
1020,37,74,1088
1025,41,74,1089
967,26,68,1090
997,29,73,1091
1033,37,73,1092
999,44,68,1093
999,33,68,1094
976,30,66,1095
996,27,70,1096
1018,26,72,1097
1037,35,65,1098
1022,27,66,1099
956,30,70,1100
1047,44,71,1101
1044,27,73,1102
1014,33,72,1103
1006,44,65,1104
1027,32,67,1105
978,35,69,1106
1044,27,67,1107
1042,30,74,1108
1034,36,74,1109
972,35,66,1110
992,25,69,1111
962,28,65,1112
962,42,65,1113
1041,36,73,1114
1021,36,65,1115
984,27,69,1116
1006,42,74,1117
1037,38,74,1118
973,26,74,1119
975,42,67,1120
983,39,65,1121
1022,40,67,1122
1030,28,73,1123
990,41,66,1124
994,37,68,1125
1036,29,72,1126
1039,28,69,1127
1049,28,66,1128
1020,33,69,1129
966,29,71,1130
994,42,65,1131
975,38,67,1132
1036,37,65,1133
1043,25,70,1134
956,43,69,1135
1026,35,66,1136
958,33,70,1137
960,28,67,1138
952,29,68,1139
1044,39,69,1140
1046,40,74,1141
985,29,66,1142
961,31,70,1143
982,36,72,1144
977,44,65,1145
971,37,71,1146
961,44,66,1147
1025,42,72,1148
1018,44,70,1149
1012,43,70,1150
992,32,72,1151
965,40,67,1152
979,31,70,1153
989,37,74,1154
1015,28,73,1155
985,29,72,1156
998,41,70,1157
1041,32,69,1158
979,33,68,1159
1004,27,68,1160
1027,33,73,1161
990,44,72,1162
999,39,68,1163
984,34,65,1164
1023,38,72,1165
1045,40,74,1166
957,35,69,1167
1001,39,68,1168
979,27,66,1169
1002,41,74,1170
973,41,74,1171
974,43,68,1172
1005,35,72,1173
1006,36,65,1174
981,32,66,1175
1022,30,72,1176
965,32,71,1177
1002,27,66,1178
1001,36,73,1179
1038,35,66,1180
1001,30,74,1181
985,30,65,1182
1015,37,67,1183
984,25,72,1184
1017,37,65,1185
1044,35,71,1186
984,29,68,1187
962,40,70,1188
963,35,67,1189
999,33,73,1190
1025,32,73,1191
1014,37,67,1192
1042,25,67,1193
954,30,72,1194
1034,39,73,1195
992,43,66,1196
991,26,72,1197
952,33,71,1198
981,29,67,1199
1004,35,71,1200
993,39,72,1201
954,27,70,1202
960,30,71,1203
1017,27,74,1204
1044,40,67,1205
1010,42,74,1206
1024,38,67,1207
970,31,74,1208
1007,40,70,1209
998,39,68,1210
1014,35,68,1211
977,40,73,1212
980,34,73,1213
1048,31,73,1214
1003,35,69,1215
968,30,71,1216
985,25,65,1217
973,26,66,1218
997,37,69,1219
1010,29,66,1220
1017,37,69,1221
956,32,68,1222
1024,44,72,1223
955,43,74,1224
997,39,65,1225
1034,29,71,1226
1037,35,70,1227
994,27,66,1228
954,39,66,1229
957,41,67,1230
1049,27,65,1231
1049,27,68,1232
1046,43,71,1233
959,36,74,1234
1047,25,69,1235
986,28,65,1236
1009,42,73,1237
1006,30,69,1238
1029,33,70,1239
997,33,65,1240
995,43,67,1241
998,41,66,1242
962,35,68,1243
1007,44,68,1244
1039,38,71,1245
954,29,69,1246
986,25,74,1247
952,28,74,1248
986,40,72,1249
1012,44,74,1250
989,43,65,1251
962,40,70,1252
981,29,73,1253
1036,43,69,1254
991,34,72,1255
999,32,66,1256
1045,31,65,1257
1015,35,72,1258
1047,28,66,1259
985,40,72,1260
1021,30,66,1261
959,27,67,1262
968,36,66,1263
1003,40,67,1264
1040,36,68,1265
984,43,66,1266
997,36,68,1267
1022,26,69,1268
1004,44,69,1269
987,39,72,1270
974,43,68,1271
987,37,67,1272
985,41,72,1273
1011,41,67,1274
1009,38,70,1275
1017,38,73,1276
966,39,65,1277
1016,31,71,1278
1026,42,66,1279
988,32,74,1280
973,34,73,1281
1029,44,70,1282
1034,27,70,1283
974,42,68,1284
1021,35,68,1285
973,27,67,1286
983,27,65,1287
1042,34,70,1288
954,35,65,1289
993,33,72,1290
980,36,66,1291
1048,43,74,1292
1043,29,73,1293
983,32,67,1294
952,42,68,1295
988,27,70,1296
991,40,72,1297
957,41,68,1298
992,37,69,1299
970,41,69,1300
1047,29,66,1301
1031,27,70,1302
1045,42,74,1303
988,40,66,1304
975,26,74,1305
954,34,73,1306
1033,36,69,1307
975,35,68,1308
983,37,70,1309
1047,44,66,1310
981,43,66,1311
1032,35,72,1312
990,32,67,1313
1019,41,67,1314
965,34,73,1315
1028,35,67,1316
1041,30,65,1317
1007,37,70,1318
962,42,74,1319
996,26,70,1320
1018,38,74,1321
972,29,69,1322
1041,25,74,1323
992,40,68,1324
979,38,70,1325
1013,33,72,1326
999,40,74,1327
986,35,71,1328
1031,40,71,1329
1049,29,71,1330
962,27,67,1331
1019,42,70,1332
1042,44,69,1333
1042,27,66,1334
984,28,67,1335
982,35,67,1336
1026,35,74,1337
1034,40,74,1338
992,41,67,1339
1046,31,65,1340
981,28,71,1341
957,35,68,1342
984,43,67,1343
1040,30,72,1344
1033,27,68,1345
985,32,66,1346
999,42,67,1347
1025,35,65,1348
993,33,65,1349
1034,34,72,1350
967,31,74,1351
999,31,73,1352
1034,34,66,1353
1014,27,66,1354
1044,42,69,1355
1038,44,71,1356
996,36,66,1357
1007,42,71,1358
1030,34,71,1359
1048,40,71,1360
966,44,71,1361
1027,41,73,1362
998,28,74,1363
981,33,68,1364
1043,29,71,1365
990,41,67,1366
1044,25,68,1367
1008,26,69,1368
1045,32,72,1369
1034,35,67,1370
1038,36,74,1371
1037,42,74,1372
973,37,73,1373
1038,26,69,1374
993,29,71,1375
968,31,70,1376
950,38,70,1377
1000,36,69,1378
991,29,69,1379
966,25,66,1380
968,29,68,1381
1026,35,72,1382
953,36,71,1383
1002,44,68,1384
1037,37,74,1385
1021,34,70,1386
1002,25,73,1387
957,32,72,1388
984,29,68,1389
1027,26,70,1390
969,40,67,1391
991,25,73,1392
1038,30,65,1393
1037,26,68,1394
992,32,67,1395
1012,25,69,1396
1029,25,67,1397
1039,36,74,1398
1046,39,65,1399
995,27,67,1400
1031,33,73,1401
1013,32,67,1402
993,32,69,1403
974,40,70,1404
977,44,70,1405
992,40,68,1406
1026,40,67,1407
1018,27,70,1408
1019,31,67,1409
1039,38,65,1410
970,38,69,1411
1040,34,71,1412
978,37,68,1413
1001,41,71,1414
1017,34,71,1415
1035,30,71,1416
1009,25,74,1417
993,33,68,1418
997,44,66,1419
999,25,67,1420
1022,28,74,1421
1023,33,69,1422
965,32,74,1423
971,31,65,1424
959,29,66,1425
1012,36,69,1426
965,39,74,1427
1001,37,71,1428
1041,28,67,1429
1001,37,69,1430
998,34,68,1431
952,39,67,1432
999,35,74,1433
1014,31,69,1434
1037,43,68,1435
952,30,73,1436
1002,30,72,1437
1006,40,65,1438
1020,34,72,1439
1026,30,65,1440
960,28,69,1441
977,28,66,1442
1015,42,72,1443
1028,34,67,1444
1026,40,69,1445
994,31,70,1446
966,33,67,1447
963,41,69,1448
984,44,66,1449
1002,43,69,1450
1039,39,68,1451
1015,41,66,1452
1043,33,70,1453
995,25,65,1454
996,39,69,1455
1003,44,67,1456
1040,34,71,1457
965,44,67,1458
995,39,69,1459
1042,36,69,1460
997,36,72,1461
979,39,69,1462
1038,32,69,1463
1012,36,67,1464
1012,39,72,1465
956,41,72,1466
1009,31,74,1467
982,36,66,1468
1026,37,71,1469
1026,42,71,1470
980,44,70,1471
952,34,71,1472
1025,28,68,1473
987,32,74,1474
1013,40,71,1475
972,31,65,1476
963,27,66,1477
974,35,72,1478
988,37,74,1479
983,43,72,1480
953,41,74,1481
986,25,73,1482
977,35,66,1483
1023,33,74,1484
1049,28,72,1485
1019,37,74,1486
1011,31,70,1487
993,36,69,1488
961,28,70,1489
952,34,67,1490
1041,42,68,1491
993,44,67,1492
1021,40,68,1493
968,41,73,1494
951,29,72,1495
1002,31,71,1496
1042,25,65,1497
992,34,72,1498
970,40,71,1499
1023,25,66,1500
984,29,72,1501
992,42,69,1502
953,42,71,1503
974,29,72,1504
971,44,66,1505
993,31,72,1506
976,40,74,1507
1049,37,67,1508
973,26,68,1509
1047,41,67,1510
976,27,65,1511
978,27,69,1512
950,42,68,1513
1018,28,71,1514
959,26,68,1515
1040,31,68,1516
1022,28,65,1517
996,25,72,1518
1010,42,67,1519
962,29,70,1520
996,36,71,1521
1029,28,69,1522
961,33,66,1523
1002,37,74,1524
990,31,73,1525
1029,29,67,1526
1044,27,74,1527
975,25,70,1528
1011,43,65,1529
984,29,73,1530
1031,32,67,1531
1021,36,74,1532
993,39,65,1533
968,28,72,1534
1022,28,74,1535
1045,30,65,1536
1032,40,66,1537
1048,35,70,1538
986,37,74,1539
1010,44,74,1540
987,38,70,1541
976,44,68,1542
1038,42,72,1543
1041,39,68,1544
973,34,71,1545
970,28,67,1546
964,31,73,1547
1006,38,65,1548
1046,32,72,1549
955,26,68,1550
1004,35,71,1551
1018,35,74,1552
984,33,73,1553
984,41,66,1554
989,37,68,1555
960,25,70,1556
988,28,68,1557
957,40,65,1558
998,43,71,1559
1007,39,70,1560
1024,34,74,1561
1047,40,67,1562
971,41,68,1563
975,42,71,1564
1008,44,70,1565
1042,32,69,1566
964,25,74,1567
1040,42,72,1568
985,40,68,1569
1000,36,73,1570
952,40,69,1571
975,30,65,1572
1030,34,69,1573
1047,44,69,1574
1017,25,72,1575
1010,29,69,1576
959,28,71,1577
996,41,73,1578
1039,29,72,1579
1043,34,69,1580
1027,35,70,1581
953,33,68,1582
980,44,68,1583
989,37,70,1584
970,37,73,1585
1016,44,69,1586
1021,37,67,1587
1008,28,68,1588
1012,34,65,1589
1045,30,72,1590
964,38,70,1591
998,28,70,1592
1028,27,69,1593
970,29,68,1594
973,38,69,1595
1023,31,67,1596
959,40,65,1597
1018,32,70,1598
1036,34,66,1599
1045,40,68,1600
976,30,70,1601
971,41,67,1602
951,36,66,1603
1046,43,72,1604
963,39,69,1605
969,36,74,1606
970,42,74,1607
979,30,72,1608
978,35,70,1609
977,30,65,1610
985,44,65,1611
1044,40,68,1612
978,41,65,1613
1005,42,67,1614
981,33,71,1615
1003,30,73,1616
994,28,72,1617
1027,44,66,1618
1006,32,69,1619
1020,44,70,1620
1027,32,73,1621
977,38,67,1622
1018,32,67,1623
967,32,72,1624
1033,28,70,1625
951,25,73,1626
1029,40,69,1627
1034,27,68,1628
1043,37,68,1629
987,34,72,1630
1039,34,68,1631
957,27,74,1632
1001,34,65,1633
1020,30,71,1634
972,27,73,1635
969,41,66,1636
1010,38,72,1637
1008,32,74,1638
1000,40,69,1639
1039,37,70,1640
958,44,68,1641
1045,42,68,1642
980,25,69,1643
981,44,74,1644
1018,30,69,1645
983,42,68,1646
988,27,69,1647
970,44,71,1648
1029,29,73,1649
974,44,74,1650
1046,32,73,1651
950,29,66,1652
1040,30,72,1653
1044,34,74,1654
1037,27,67,1655
1007,29,71,1656
994,29,65,1657
991,26,66,1658
1035,36,74,1659
975,30,67,1660
951,41,72,1661
975,36,66,1662
1036,43,68,1663
1041,33,70,1664
956,42,65,1665
951,38,65,1666
988,40,67,1667
1049,44,68,1668
1006,42,66,1669
950,25,67,1670
1020,43,74,1671
1004,30,66,1672
1026,26,74,1673
1040,30,70,1674
1010,37,71,1675
976,43,67,1676
986,28,66,1677
1030,40,67,1678
954,40,69,1679
1033,39,73,1680
958,34,66,1681
975,40,70,1682
990,43,73,1683
1004,33,71,1684
1036,35,65,1685
956,40,65,1686
981,41,72,1687
1012,30,69,1688
986,43,66,1689
962,41,74,1690
989,31,65,1691
979,41,73,1692
962,41,69,1693
1049,34,72,1694
1026,27,72,1695
969,40,72,1696
985,25,72,1697
959,44,68,1698
972,42,68,1699
1037,28,67,1700
1040,33,68,1701
1043,38,66,1702
970,30,73,1703
995,32,72,1704
1048,31,66,1705
1019,38,70,1706
990,38,73,1707
961,26,72,1708
1007,25,67,1709
952,34,65,1710
997,38,68,1711
986,41,69,1712
955,25,71,1713
1044,43,68,1714
958,43,67,1715
1016,30,70,1716
964,27,74,1717
980,34,72,1718
1029,32,65,1719
961,33,66,1720
1014,38,72,1721
956,44,67,1722
1003,36,70,1723
1006,25,70,1724
1031,38,65,1725
959,41,71,1726
979,41,72,1727
1026,35,70,1728
1045,29,71,1729
1007,31,72,1730
986,33,67,1731
972,37,74,1732
977,39,72,1733
966,34,73,1734
1022,30,69,1735
1002,42,70,1736
1010,40,70,1737
997,44,74,1738
1042,29,66,1739
974,29,65,1740
954,31,66,1741
981,28,68,1742
1009,38,74,1743
980,25,68,1744
1003,27,68,1745
1036,39,68,1746
1041,41,70,1747
953,35,70,1748
1003,35,67,1749
1033,35,69,1750
1049,34,69,1751
1029,34,65,1752
1024,34,69,1753
950,38,65,1754
965,31,69,1755
1043,43,70,1756
999,32,72,1757
1011,41,72,1758
1031,44,73,1759
1044,36,65,1760
1024,43,71,1761
1044,42,70,1762
1044,37,74,1763
974,36,67,1764
1034,38,70,1765
975,35,65,1766
952,25,71,1767
1016,27,73,1768
1047,28,65,1769
1024,34,69,1770
974,35,68,1771
1045,39,68,1772
953,26,74,1773
1003,35,66,1774
985,32,73,1775
989,37,72,1776
1025,34,67,1777
972,32,73,1778
992,26,68,1779
958,39,67,1780
989,33,65,1781
1002,44,71,1782
1011,25,66,1783
1014,40,66,1784
1016,31,65,1785
1049,31,71,1786
982,41,71,1787
998,29,65,1788
998,26,67,1789
1011,32,65,1790
979,39,66,1791
1025,44,67,1792
1020,38,73,1793
952,36,67,1794
1021,43,68,1795
1011,30,71,1796
964,31,70,1797
1011,31,74,1798
951,28,67,1799
1039,41,66,1800
1003,36,65,1801
978,25,66,1802
996,25,71,1803
1029,26,72,1804
991,42,68,1805
1046,34,72,1806
1007,26,74,1807
1019,26,70,1808
1030,35,66,1809
1044,38,67,1810
960,41,67,1811
961,29,72,1812
976,36,68,1813
1049,37,65,1814
1034,35,72,1815
977,30,72,1816
1002,30,68,1817
984,28,71,1818
998,39,66,1819
997,34,71,1820
987,31,74,1821
971,43,74,1822
1034,33,66,1823
1033,33,70,1824
1002,31,65,1825
1013,39,68,1826
966,38,74,1827
999,42,74,1828
1043,29,68,1829
956,42,67,1830
1046,39,74,1831
1017,40,71,1832
1014,36,69,1833
1005,29,72,1834
1024,29,68,1835
982,25,65,1836
1000,36,74,1837
983,28,69,1838
1017,32,68,1839
1022,35,65,1840
1036,33,67,1841
965,36,68,1842
991,30,65,1843
998,30,65,1844
1019,26,65,1845
978,43,74,1846
1034,25,72,1847
966,34,72,1848
1035,26,73,1849
1023,34,71,1850
1025,38,74,1851
1004,40,66,1852
1030,41,74,1853
1041,28,72,1854
973,33,69,1855
1003,41,71,1856
1022,36,66,1857
1000,39,74,1858
978,32,66,1859
990,33,71,1860
1032,29,69,1861
1047,39,65,1862
990,41,71,1863
982,40,67,1864
989,36,65,1865
1003,40,65,1866
1035,42,72,1867
962,29,67,1868
985,26,66,1869
989,26,67,1870
1026,34,71,1871
951,39,68,1872
1035,33,71,1873
969,41,65,1874
997,42,69,1875
1040,27,74,1876
950,38,67,1877
986,41,67,1878
975,37,69,1879
1028,42,68,1880
971,37,71,1881
989,44,65,1882
999,25,66,1883
969,44,68,1884
1044,33,68,1885
992,36,68,1886
981,29,68,1887
1032,44,68,1888
1028,43,69,1889
974,41,68,1890
1034,29,68,1891
960,31,70,1892
998,44,73,1893
1007,30,67,1894
970,35,68,1895
975,36,73,1896
953,35,65,1897
1024,39,68,1898
963,32,66,1899
1018,27,70,1900
952,32,66,1901
1014,37,70,1902
994,38,66,1903
984,27,70,1904
991,27,65,1905
1018,30,66,1906
977,37,71,1907
1022,37,68,1908
1047,43,67,1909
964,26,73,1910
976,26,73,1911
980,26,68,1912
972,26,69,1913
982,35,67,1914
1034,27,66,1915
971,38,72,1916
1027,33,65,1917
999,32,65,1918
1037,26,66,1919
988,36,66,1920
999,37,72,1921
1016,39,70,1922
952,31,69,1923
978,40,74,1924
1046,44,70,1925
1034,27,74,1926
1044,40,67,1927
969,40,73,1928
1004,30,68,1929
987,44,69,1930
1049,27,66,1931
1013,31,68,1932
973,37,67,1933
1015,42,69,1934
1029,38,71,1935
972,26,70,1936
1002,39,72,1937
1045,28,70,1938
976,28,73,1939
1011,25,73,1940
966,37,67,1941
1015,36,72,1942
971,31,66,1943
1007,36,74,1944
1019,31,67,1945
1018,30,71,1946
962,32,74,1947
1035,44,74,1948
969,30,72,1949
1045,34,68,1950
1008,34,65,1951
982,42,72,1952
993,36,65,1953
979,25,67,1954
992,26,68,1955
1007,39,70,1956
993,29,73,1957
958,36,71,1958
1030,28,71,1959
999,25,70,1960
952,25,70,1961
990,28,70,1962
1032,25,67,1963
1017,39,73,1964
1035,29,67,1965
960,39,66,1966
1030,35,69,1967
1044,43,69,1968
955,43,70,1969
1030,38,70,1970
1028,42,68,1971
957,34,66,1972
977,34,72,1973
986,31,74,1974
968,34,70,1975
1033,40,66,1976
967,26,72,1977
1020,40,74,1978
1011,27,74,1979
951,28,67,1980
1019,36,66,1981
1034,41,70,1982
973,37,68,1983
962,25,69,1984
954,33,67,1985
1023,39,68,1986
1000,26,69,1987
972,42,65,1988
994,36,72,1989
989,43,72,1990
974,28,68,1991
958,39,73,1992
1046,25,65,1993
1019,32,72,1994
1045,26,72,1995
1017,41,69,1996
993,42,74,1997
1008,42,69,1998
970,42,73,1999
981,40,65,2000
977,38,68,2001
959,25,66,2002
1005,32,74,2003
991,39,71,2004
963,36,67,2005
1000,31,69,2006
1049,38,73,2007
956,34,67,2008
980,29,65,2009
1040,40,71,2010
1019,33,68,2011
972,42,65,2012
1007,35,73,2013
1041,38,68,2014
971,31,66,2015
996,27,67,2016
1020,32,73,2017
1023,37,67,2018
976,27,73,2019
1039,28,74,2020
1027,26,70,2021
1000,38,69,2022
990,41,70,2023
966,44,68,2024
1007,25,73,2025
1008,44,67,2026
968,35,73,2027
952,28,68,2028
1047,30,69,2029
984,42,71,2030
977,34,74,2031
980,38,72,2032
997,44,65,2033
987,40,73,2034
974,28,71,2035
996,33,67,2036
979,31,74,2037
1000,42,67,2038
1043,33,65,2039
985,44,66,2040
1028,37,68,2041
979,29,69,2042
978,25,70,2043
981,37,73,2044
955,28,68,2045
957,32,69,2046
956,27,70,2047
1047,26,66,2048
999,25,71,2049
1017,41,71,2050
1002,26,73,2051
958,36,74,2052
1012,36,69,2053
994,42,71,2054
1047,38,71,2055
975,38,72,2056
950,40,67,2057
1006,42,70,2058
1036,31,73,2059
950,40,70,2060
1033,26,71,2061
974,44,70,2062
1041,39,71,2063
1031,29,65,2064
952,25,66,2065
967,28,74,2066
983,29,73,2067
1044,28,69,2068
1011,29,74,2069
1040,40,66,2070
991,37,72,2071
1026,31,72,2072
995,28,65,2073
990,32,67,2074
959,29,67,2075
999,28,69,2076
982,34,70,2077
984,29,65,2078
1013,39,74,2079
996,31,70,2080
984,28,71,2081
958,44,74,2082
979,41,71,2083
1011,32,72,2084
1004,31,74,2085
972,25,67,2086
1030,29,65,2087
992,31,69,2088
998,37,74,2089
1015,44,65,2090
954,38,68,2091
1012,30,73,2092
967,42,71,2093
991,28,67,2094
964,28,72,2095
1029,43,70,2096
992,43,69,2097
1022,34,69,2098
1034,39,65,2099
1042,26,65,2100
1032,30,67,2101
1040,44,66,2102
1042,34,67,2103
988,26,68,2104
961,33,71,2105
965,39,65,2106
1001,26,69,2107
1044,25,73,2108
987,30,73,2109
972,29,72,2110
956,26,72,2111
1016,31,71,2112
1002,41,68,2113
1004,33,71,2114
1040,41,69,2115
1003,43,72,2116
994,27,73,2117
977,35,67,2118
1028,32,74,2119
1019,25,67,2120
1031,44,73,2121
978,43,73,2122
957,26,74,2123
1038,35,70,2124
982,25,68,2125
968,27,69,2126
1027,28,71,2127
965,43,66,2128
1014,37,66,2129
1003,31,69,2130
952,42,66,2131
955,38,73,2132
1026,36,73,2133
984,27,67,2134
1032,26,66,2135
1042,31,69,2136
1028,30,69,2137
983,40,69,2138
965,35,68,2139
986,40,72,2140
1045,26,71,2141
956,37,70,2142
975,40,65,2143
1025,39,66,2144
1026,37,69,2145
952,41,73,2146
988,42,72,2147
969,34,67,2148
966,34,72,2149
989,38,73,2150
974,28,68,2151
991,44,70,2152
985,33,73,2153
1027,25,69,2154
958,40,69,2155
993,33,72,2156
995,34,70,2157
953,28,67,2158
975,43,72,2159
969,28,70,2160
986,30,66,2161
1010,36,69,2162
976,25,67,2163
964,26,74,2164
990,44,74,2165
1043,29,71,2166
990,39,70,2167
1037,44,73,2168
1046,33,68,2169
1027,39,69,2170
957,37,71,2171
961,37,73,2172
950,25,67,2173
971,39,73,2174
954,34,65,2175
1049,26,71,2176
958,25,67,2177
1042,35,66,2178
1037,26,66,2179
978,41,66,2180
1018,32,72,2181
1033,33,69,2182
1033,36,73,2183
1003,31,71,2184
966,42,71,2185
1019,33,66,2186
975,43,71,2187
999,34,68,2188
998,40,71,2189
989,44,72,2190
1031,32,72,2191
972,41,70,2192
1001,36,66,2193
1012,26,74,2194
1029,34,73,2195
970,42,66,2196
972,26,69,2197
1008,35,65,2198
1037,44,73,2199
1002,31,69,2200
1040,40,67,2201
1029,25,74,2202
990,31,67,2203
1038,25,66,2204
983,32,74,2205
1038,28,74,2206
1024,42,71,2207
989,44,72,2208
983,39,69,2209
952,44,70,2210
1003,35,73,2211
961,33,65,2212
972,35,73,2213
982,35,69,2214
1029,30,69,2215
981,31,74,2216
1000,36,73,2217
961,42,70,2218
1045,41,72,2219
1007,33,69,2220
1025,38,73,2221
987,44,67,2222
950,30,65,2223
1045,25,66,2224
958,28,70,2225
975,42,65,2226
1009,26,72,2227
951,36,70,2228
1032,32,72,2229
1001,25,68,2230
1021,36,67,2231
973,32,72,2232
962,27,71,2233
998,32,70,2234
1035,37,72,2235
1026,31,67,2236
964,44,66,2237
993,33,71,2238
1040,31,71,2239
979,43,74,2240
1020,32,68,2241
986,33,66,2242
992,38,71,2243
953,28,70,2244
1019,35,66,2245
955,36,69,2246
967,30,66,2247
972,44,65,2248
1047,41,72,2249
1036,38,74,2250
978,42,69,2251
1035,37,65,2252
1014,33,70,2253
987,28,70,2254
973,42,69,2255
1042,36,70,2256
1012,25,69,2257
1029,42,72,2258
1000,44,71,2259
964,30,73,2260
1019,33,73,2261
1047,35,69,2262
965,32,73,2263
983,35,65,2264
995,43,72,2265
971,27,74,2266
955,40,71,2267
982,40,69,2268
987,30,66,2269
959,27,66,2270
1000,40,69,2271
990,35,73,2272
1023,32,67,2273
954,38,70,2274
961,31,69,2275
975,35,72,2276
972,32,69,2277
954,37,74,2278
951,26,73,2279
973,29,69,2280
1017,32,72,2281
1027,44,69,2282
952,35,68,2283
1014,38,69,2284
1024,34,66,2285
955,26,66,2286
1045,33,72,2287
1022,29,66,2288
1039,43,69,2289
1049,35,74,2290
973,26,68,2291
1032,43,68,2292
991,41,69,2293
975,39,66,2294
1009,32,69,2295
1038,43,66,2296
1013,44,71,2297
1033,28,66,2298
981,30,68,2299
1006,38,66,2300
988,32,67,2301
953,28,69,2302
985,42,71,2303
977,34,74,2304
1013,28,70,2305
987,36,68,2306
1001,37,72,2307
1006,40,66,2308
988,37,73,2309
968,38,74,2310
988,40,67,2311
979,28,65,2312
971,32,70,2313
963,40,71,2314
1022,38,72,2315
1037,43,69,2316
973,43,72,2317
1003,27,68,2318
992,28,70,2319
975,39,68,2320
968,37,65,2321
974,32,67,2322
1013,39,70,2323
1002,31,70,2324
959,27,65,2325
1013,42,69,2326
1048,40,74,2327
970,36,65,2328
975,27,72,2329
955,27,70,2330
1035,40,68,2331
975,43,68,2332
989,43,71,2333
1039,44,67,2334
1006,43,74,2335
1002,44,73,2336
969,37,66,2337
1004,44,73,2338
1048,37,73,2339
965,38,74,2340
1030,28,72,2341
1040,34,68,2342
1027,40,70,2343
1023,31,66,2344
1017,26,66,2345
996,31,70,2346
984,26,65,2347
1000,43,69,2348
1041,30,73,2349
961,42,70,2350
964,29,67,2351
964,42,72,2352
1007,39,67,2353
967,37,72,2354
1041,44,66,2355
988,42,74,2356
951,32,74,2357
1021,37,66,2358
987,35,71,2359
1036,38,71,2360
979,33,69,2361
980,33,68,2362
966,39,66,2363
986,31,66,2364
1014,43,70,2365
998,29,72,2366
1008,32,74,2367
1039,30,70,2368
957,31,67,2369
963,30,67,2370
998,38,66,2371
970,34,68,2372
965,36,74,2373
1045,31,73,2374
1011,28,73,2375
1000,36,66,2376
1027,41,74,2377
974,31,71,2378
977,40,70,2379
971,42,66,2380
1007,25,68,2381
1049,39,66,2382
1037,26,71,2383
978,41,71,2384
954,29,67,2385
1044,39,72,2386
1009,40,69,2387
1019,42,68,2388
1006,31,71,2389
1044,38,72,2390
973,41,68,2391
1028,38,67,2392
1029,32,70,2393
1000,41,66,2394
1027,26,73,2395
987,30,72,2396
973,44,72,2397
1003,32,72,2398
1037,28,69,2399
997,25,67,2400
1047,43,74,2401
1033,28,71,2402
1043,42,70,2403
957,25,68,2404
1048,31,71,2405
995,34,70,2406
1010,42,65,2407
991,40,66,2408
1009,40,71,2409
967,43,73,2410
988,38,68,2411
1028,37,67,2412
976,33,74,2413
993,27,68,2414
1019,38,70,2415
1039,41,72,2416
961,25,73,2417
1011,40,73,2418
972,35,71,2419
963,32,68,2420
1001,38,70,2421
1043,44,71,2422
954,30,66,2423
973,44,73,2424
969,42,70,2425
1035,43,73,2426
996,44,69,2427
996,29,71,2428
1047,33,68,2429
974,44,69,2430
981,41,73,2431
1000,25,69,2432
964,27,69,2433
1025,27,65,2434
993,36,69,2435
995,42,73,2436
997,25,66,2437
1002,42,69,2438
1040,43,73,2439
976,34,69,2440
971,28,70,2441
1045,27,71,2442
975,40,72,2443
982,40,74,2444
990,25,72,2445
966,33,68,2446
1048,25,69,2447
1024,38,69,2448
1038,39,71,2449
988,33,73,2450
1036,40,71,2451
986,32,71,2452
995,29,67,2453
999,31,70,2454
997,27,66,2455
989,38,65,2456
960,33,68,2457
1000,34,72,2458
970,28,68,2459
968,33,72,2460
951,32,68,2461
954,27,66,2462
950,25,66,2463
950,29,66,2464
955,31,73,2465
1046,31,68,2466
1008,37,73,2467
971,42,68,2468
1044,41,66,2469
1014,33,70,2470
1028,29,68,2471
977,26,68,2472
956,32,65,2473
969,26,68,2474
981,27,72,2475
960,26,73,2476
1045,36,73,2477
991,44,69,2478
968,40,71,2479
993,40,65,2480
1017,38,67,2481
1026,28,73,2482
963,41,69,2483
1003,33,67,2484
990,27,68,2485
979,27,73,2486
989,30,70,2487
1018,32,71,2488
1019,32,73,2489
1034,31,70,2490
970,31,73,2491
1009,26,71,2492
979,42,65,2493
1044,36,71,2494
968,25,70,2495
1025,42,66,2496
956,34,73,2497
1047,26,73,2498
1029,42,70,2499
1047,31,69,2500
958,39,65,2501
973,44,68,2502
1033,36,68,2503
1005,25,72,2504
1001,35,70,2505
1028,31,72,2506
1005,36,71,2507
955,38,69,2508
982,35,72,2509
1046,37,67,2510
1016,43,71,2511
1024,36,69,2512
1045,33,70,2513
978,40,71,2514
1016,35,66,2515
963,39,68,2516
1005,26,65,2517
1011,40,69,2518
976,42,67,2519
971,25,69,2520
1008,40,70,2521
969,38,71,2522
1026,35,65,2523
1039,37,66,2524
1032,42,74,2525
1017,26,68,2526
986,32,68,2527
987,29,69,2528
1009,29,70,2529
1045,37,68,2530
993,32,74,2531
1022,42,70,2532
1004,31,72,2533
965,33,68,2534
1029,25,72,2535
968,35,73,2536
991,29,68,2537
994,37,72,2538
990,43,67,2539
950,36,72,2540
988,31,66,2541
961,27,69,2542
1023,27,70,2543
970,27,69,2544
994,31,74,2545
1000,25,68,2546
956,31,71,2547
958,40,71,2548
978,27,66,2549
1003,38,73,2550
1040,37,72,2551
1017,30,72,2552
987,40,70,2553
969,43,72,2554
957,42,69,2555
1041,34,68,2556
968,43,68,2557
956,25,72,2558
956,31,70,2559
1044,40,70,2560
1036,32,70,2561
1021,43,71,2562
1008,25,71,2563
1016,30,74,2564
1025,34,66,2565
992,38,73,2566
1009,32,74,2567
962,27,65,2568
1001,30,70,2569
1028,26,66,2570
1011,27,74,2571
1030,27,72,2572
990,37,65,2573
979,39,73,2574
1002,34,72,2575
950,33,67,2576
1044,34,69,2577
962,43,70,2578
972,34,74,2579
1023,28,65,2580
985,27,65,2581
1023,29,69,2582
1016,30,65,2583
970,26,67,2584
1005,29,70,2585
989,35,69,2586
1048,25,70,2587
989,44,73,2588
1043,29,65,2589
1020,43,67,2590
1002,32,74,2591
979,38,66,2592
1002,41,67,2593
999,36,73,2594
1019,37,68,2595
1002,36,67,2596
960,35,70,2597
1025,28,71,2598
1016,35,68,2599
979,26,72,2600
968,31,71,2601
971,32,70,2602
992,28,68,2603
1035,41,68,2604
1010,32,72,2605
954,42,70,2606
989,43,67,2607
1028,26,67,2608
957,39,72,2609
964,29,71,2610
1021,30,69,2611
1043,38,72,2612
961,26,71,2613
1049,33,65,2614
1032,43,68,2615
1022,28,69,2616
975,27,70,2617
1039,40,66,2618
965,33,71,2619
975,26,73,2620
954,34,71,2621
951,29,69,2622
1015,27,70,2623
960,33,68,2624
1042,41,72,2625
961,42,74,2626
1004,43,66,2627
1025,28,66,2628
1028,44,70,2629
1031,35,71,2630
1031,32,72,2631
1000,27,71,2632
1018,28,74,2633
985,31,66,2634
1044,44,69,2635
1024,33,70,2636
1020,35,67,2637
1028,44,72,2638
975,44,73,2639
1037,30,73,2640
1049,29,70,2641
984,31,71,2642
967,38,74,2643
973,37,69,2644
1002,37,67,2645
1019,26,73,2646
952,39,74,2647
959,41,68,2648
999,41,69,2649
956,29,72,2650
988,42,74,2651
951,41,72,2652
975,42,70,2653
1006,29,70,2654
999,42,72,2655
966,31,67,2656
1027,36,69,2657
960,38,74,2658
1003,31,72,2659
1047,32,66,2660
1012,26,69,2661
1012,28,67,2662
1039,37,73,2663
1012,32,69,2664
1048,28,70,2665
1007,38,69,2666
993,25,70,2667
967,26,71,2668
1044,28,66,2669
967,36,65,2670
1001,26,72,2671
981,36,68,2672
984,25,72,2673
1008,38,71,2674
969,32,73,2675
994,28,69,2676
963,44,70,2677
1040,42,66,2678
1010,26,65,2679
1018,34,67,2680
981,38,70,2681
1033,29,67,2682
955,37,74,2683
972,30,69,2684
994,30,72,2685
968,35,70,2686
1049,26,68,2687
954,35,72,2688
978,41,70,2689
986,32,70,2690
968,33,65,2691
984,35,72,2692
1036,25,66,2693
955,31,68,2694
962,28,72,2695
975,38,66,2696
1020,30,67,2697
1018,33,74,2698
1021,39,67,2699
977,25,71,2700
982,33,69,2701
1010,44,65,2702
1020,26,71,2703
1023,43,72,2704
1031,33,65,2705
968,33,67,2706
999,38,69,2707
991,25,71,2708
1049,40,71,2709
1048,39,71,2710
965,34,66,2711
1032,35,66,2712
1003,27,72,2713
1021,41,70,2714
1046,35,67,2715
953,41,66,2716
981,38,71,2717
1027,31,71,2718
995,44,67,2719
1048,43,70,2720
1016,38,70,2721
1000,27,68,2722
1015,34,65,2723
954,30,66,2724
1012,25,71,2725
993,29,74,2726
1035,33,65,2727
1029,36,73,2728
955,31,66,2729
981,29,69,2730
959,32,72,2731
1047,42,71,2732
1028,36,73,2733
969,32,70,2734
1009,29,70,2735
975,36,68,2736
1030,36,68,2737
1010,36,74,2738
993,32,68,2739
985,29,72,2740
980,26,71,2741
1022,42,74,2742
980,27,65,2743
957,32,74,2744
958,40,71,2745
994,40,66,2746
951,40,70,2747
1007,29,69,2748
960,42,67,2749
974,27,66,2750
952,25,72,2751
1042,31,66,2752
986,39,73,2753
1048,40,70,2754
1009,34,70,2755
1015,27,73,2756
1003,44,67,2757
1027,27,69,2758
979,27,73,2759
984,38,67,2760
999,41,67,2761
1042,27,74,2762
1003,32,74,2763
1019,31,69,2764
1021,35,65,2765
997,36,66,2766
968,35,72,2767
982,41,68,2768
1000,29,68,2769
1027,29,65,2770
1025,37,72,2771
1048,43,72,2772
970,44,73,2773
985,25,66,2774
967,38,71,2775
981,27,66,2776
1044,42,73,2777
1028,32,68,2778
975,36,66,2779
1038,25,69,2780
962,26,74,2781
963,34,66,2782
1012,32,70,2783
957,41,70,2784
950,36,65,2785
957,27,74,2786
970,41,69,2787
983,39,71,2788
1012,32,71,2789
1047,25,66,2790
966,33,71,2791
1004,26,71,2792
980,38,72,2793
995,30,74,2794
986,44,66,2795
955,39,67,2796
959,31,74,2797
987,36,68,2798
985,42,73,2799
988,28,72,2800
1017,35,71,2801
1038,34,66,2802
983,38,70,2803
975,28,65,2804
1033,42,69,2805
970,35,70,2806
990,27,70,2807
1039,36,69,2808
996,40,74,2809
1039,32,71,2810
965,31,69,2811
1007,38,67,2812
1017,32,68,2813
1012,43,66,2814
1009,36,69,2815
1006,43,69,2816
993,27,69,2817
984,30,66,2818
952,36,65,2819
966,27,67,2820
1041,36,74,2821
957,32,74,2822
1038,40,69,2823
1018,27,69,2824
957,39,65,2825
1038,31,69,2826
960,40,74,2827
950,40,70,2828
999,36,74,2829
1045,42,71,2830
984,33,71,2831
1041,28,72,2832
958,30,70,2833
1013,38,73,2834
1021,35,71,2835
996,34,74,2836
952,33,72,2837
1026,30,73,2838
1003,29,65,2839
960,27,73,2840
984,33,71,2841
997,34,66,2842
1049,28,67,2843
1047,34,74,2844
950,28,67,2845
994,27,71,2846
984,30,68,2847
978,35,71,2848
1026,42,74,2849
992,36,74,2850
1004,44,65,2851
1026,37,69,2852
1015,25,70,2853
976,39,70,2854
983,33,69,2855
975,28,70,2856
1013,25,69,2857
1038,43,73,2858
1046,25,65,2859
985,25,72,2860
979,35,72,2861
1000,33,73,2862
1038,36,73,2863
996,30,67,2864
990,40,67,2865
950,27,70,2866
982,33,71,2867
1004,32,66,2868
1031,30,68,2869
1033,33,73,2870
1037,43,66,2871
1007,37,73,2872
992,41,70,2873
1000,29,71,2874
980,36,68,2875
993,31,71,2876
1035,43,65,2877
960,43,70,2878
989,28,71,2879
952,43,68,2880
966,28,67,2881
1039,44,71,2882
1032,26,74,2883
1043,41,74,2884
987,34,73,2885
1007,32,67,2886
1010,30,66,2887
960,25,73,2888
961,39,73,2889
1023,40,66,2890
1027,44,65,2891
1035,34,71,2892
1021,44,70,2893
1027,36,74,2894
1043,39,66,2895
1048,26,67,2896
989,37,74,2897
1009,28,65,2898
1030,43,70,2899
1027,33,71,2900
1030,25,73,2901
958,44,72,2902
1008,43,67,2903
1029,36,73,2904
1028,42,70,2905
1040,26,73,2906
989,38,70,2907
986,29,70,2908
989,36,65,2909
1048,26,69,2910
986,38,66,2911
951,44,66,2912
958,35,70,2913
963,29,72,2914
978,38,73,2915
1035,36,70,2916
963,31,69,2917
983,40,67,2918
958,28,71,2919
1019,37,66,2920
958,31,74,2921
952,36,65,2922
993,39,73,2923
1004,37,73,2924
980,40,72,2925
960,32,65,2926
1022,41,65,2927
956,26,66,2928
1013,31,71,2929
1025,27,68,2930
992,44,66,2931
1039,34,70,2932
958,43,68,2933
1038,37,66,2934
998,36,67,2935
988,38,67,2936
1021,29,69,2937
1020,35,69,2938
1005,32,70,2939
1022,41,73,2940
1042,39,72,2941
1000,27,68,2942
988,38,67,2943
954,34,71,2944
1008,39,66,2945
968,41,70,2946
1011,44,67,2947
964,33,71,2948
1014,41,67,2949
1036,26,73,2950
976,26,67,2951
976,36,65,2952
958,32,73,2953
953,39,72,2954
953,30,67,2955
996,38,70,2956
1035,31,67,2957
1016,37,73,2958
965,32,74,2959
965,31,70,2960
959,43,69,2961
973,33,67,2962
1047,27,73,2963
1048,40,68,2964
975,29,65,2965
1036,31,65,2966
976,33,68,2967
969,35,73,2968
987,32,69,2969
1028,42,73,2970
951,39,70,2971
1030,31,70,2972
955,44,65,2973
1048,40,71,2974
986,32,66,2975
991,32,69,2976
997,40,74,2977
1002,33,70,2978
1009,25,65,2979
961,37,71,2980
1009,44,74,2981
1009,26,74,2982
1047,42,74,2983
1038,37,65,2984
1037,38,65,2985
956,31,68,2986
1038,35,70,2987
958,42,74,2988
1022,28,68,2989
1019,40,68,2990
973,39,69,2991
952,36,66,2992
959,27,72,2993
1002,38,65,2994
971,29,70,2995
981,37,70,2996
1000,30,65,2997
966,37,72,2998
985,37,69,2999
1023,31,73,3000
